Title,Alt Name,CODE,Season,Episode,Resolution,Rating,Watched,Creator,Producer,Year,Season,Genre,Subgenre,Source,link,Review,Clean,Unclean,Subbed,Left,Downloaded,Filtered
91 Days,,14,COM,,1080p,A,,Shuka,,2016,Summer,Action,Gangster,,,,COM,,FALSE,,,
A Certain Magical Index,,5,3,1,720p,,MULTIPLE,J.C. Staff,Funimation ,,,Action,Superpowers,Manga,https://myanimelist.net/anime/4654/Toaru_Majutsu_no_Index?q=a certa,,COM,,,,,
A Certain Scientific Railgun,,2,3,10,720p,B,MULTIPLE,J.C. Staff,Funimation ,,,Action,Superpowers,Manga,https://myanimelist.net/anime/6213/Toaru_Kagaku_no_Railgun?q=a certa,,COM,,,,,
A Place Further Than The Universe ,Sora yori mo Tooi Basho,1,COM,,1080p,A,2018,Madhouse,,2018,Winter,Drama,Moe,Original,https://myanimelist.net/anime/35839/Sora_yori_mo_Tooi_Basho/video,,,,,,,
ACCA - 13-ku Kansatsu-ka,,14,COM,,720p,B,2017,Madhouse,,2017,Winter,Drama,Chill,,,,COM,,FALSE,,,
Accell World,,14,COM,,,,,,,,,Adventure,Isekai,,,,COM,,TRUE,,,
Ace Atturny,,6,,,,,2016,A1-Pics,,2016,Spring,Adventure,,,,,,,,,,
Ace Of Diamond,,2,33,,1080p,,,,,,,Sports,Baseball,,,,,,,,,
Active Raid,,6,,,720p,C,2016,,,2016,Winter,Action,,,,,,,,,,
Afro Samurai,,1,COM,,1080p,,,,,,,Adventure,Samurai,,,,,,,,,
Akagami No Shirayukihime,,5,13,,1080p,,,,,,,,,,,,,,,,,
Akanesasu Shoujo ,,6,5,,720p,C,2018,,,,,,,,,,,,,,,
Akatsuki No Yona,,14,COM,,,,,,,,,Fantasy,War,,,,COM,,FALSE,,,
Alderamin on the Sky,,14,COM,,1080p,B,,Madhouse,,2016,Summer,Action,War,,,,COM,,FALSE,,,
Alice to Zouroku ,,14,COM,,720p,,2017,J.C. Staff,,2017,Spring,Light,Superpowers,,https://myanimelist.net/anime/34350/Alice_to_Zouroku,,COM,,FALSE,,,
Angel Beats,,11,COM,COM,1080p,,,,,,,Drama,,,,COM,COM,,TRUE,,COM,
Another,,14,COM,,,,,P.A. Works,,2012,Winter,Horror,,,https://myanimelist.net/anime/11111/Another,,COM,,FALSE,,,
Ao no Kanata no Four Rhythm,,1,COM,,720p,C+,2016,,,2016,Winter,Sports,,,,,,,,,,
Aoharu X Kikanjuu,,14,COM,,1080p,B-,2015,,,2015,Summer,,,,,,COM,,FALSE,,,
Attack On Titan,,2,3,1,1080p,,MULTIPLE,Studio Wit,,2013,MULTIPLE,Action,Posr Apocalptic,,https://myanimelist.net/anime/16498/Shingeki_no_Kyojin,,S3,,TRUE,,COM,COM
Baby Steps,,14,COM,,1080p,A,2016,Studio Pierrot ,,2014,MULTIPLE,Sports,Tennis,,https://myanimelist.net/anime/21185/Baby_Steps?q=baby,,COM,,FALSE,,,
Bakuman,,12,COM,COM,,,,,,,,,,,,COM,,,,,,
Bakuon,,6,,,,,2016,A1-Pics,,2016,Spring,,,,,,,,,,,
Ballroom e Youkoso,,1,COM,,1080p,B+,2017,Production I.G ,,2016,MULTIPLE,Sports,Dance,,https://myanimelist.net/anime/34636/Ballroom_e_Youkoso,,,,,,,
Battery,,6,,,1080p,,,Zero-G,,2016,Summer,Sports,Baseball,,,,,,,,,
Berserk,,14,COM,,Depends,,,,,,,Fantasy,,,,,COM,OP1,TRUE,ED1,,
Berserk 2016,,2,,,1080p,,,Millepensee / GEMBRA,,2016,Summer,Fantasy,,,,,,,,,,
Big Order,,5,,,1080p,B-,2016,Asread,,2016,Spring,,,,,,,,,,,
Black Bullet,,1,COM,,,,,,,,,,,,,,,,,,,
Black Lagoon,,1,COM,,,,,,,,,,,,,,,,,,,
Bleach,,2,311,,,,,,,,,,,,,,,,,,,
Blood Lad,,14,COM,,,,2015,Brain's Base ,,2013,Summer,Action,,,https://myanimelist.net/anime/11633/Blood_Lad?q=blood,,COM,,FALSE,,,
Boku Dake ga Inai Machi (Erased),,1,COM,,1080p,A-,2016,,,2016,Winter,,,,,,,,,,,
Boku no Hero Academia,,2,,, 1080p,A,2016,Bones,,2016,Spring,Action,Superherp,Manga,https://myanimelist.net/anime/31964/Boku_no_Hero_Academia?q=boku no,,,,,,,
Brave Beats,,6,,,,,,,,,,,,,,,,,,,,
Bubuki Buranki,,14,COM,,1080p,B-,2016,,,2016,Winter,,,,,,,,,,,
Bungo Stray dogs,,5,,,,,2016,,,2016,Spring,,,,,,,,,,,
C: The Money of Soul and Possibility Control,Shoujo-tachi wa Kouya wo Mezasu,14,1,3,720p,B,2016,Tatsunoko Production ,Fuji TV ,2016,Winter,Action,Superpowers,Original,https://myanimelist.net/anime/10163/C__The_Money_of_Soul_and_Possibility_Control?q=Shoujo-tachi wa Kouya wo Mezasu,,COM,,TRUE,,,
Captain Tsubasa,,4,3,,,,,,,,,,,,,,,,,,,
Castlevania,,1,COM,,1080p,A-,2018,Netflix,,2017,Summer,Action,,,,,,,,,,
Chaos Dragon,,1,COM,,1080p,,2015,,,2015,Summer,,,,,,,,,,,
Charlotte,,14,COM,,1080p,A-,2015,,,2015,Summer,,,,,,COM,,FALSE,,,
Citrus,,5,4,,1080p,,2018,Passione ,,2018,Winter,Romance,Shougo Ai,,https://myanimelist.net/anime/34382/Citrus,,,,,,,
Clannad,,14,COM,,1080p,A-,2015,,,,,,,,,,COM,,TRUE,,,
Clasroom Crisis,,14,COM,,1080p,A-,2015,,,2015,Summer,,,,,,COM,,FALSE,,,
Claymore,,1,COM,,720p,A-,,Madhouse,VAP ,2007,Spring,Thriller,Supernatural,Manga,https://myanimelist.net/anime/1818/Claymore?q=clay,,,,,,,
Code Breaker,,1,COM,,,,,Kinema Citrus ,Bandai Visual ,2012,Fall,Action,,Manga,https://myanimelist.net/anime/11703/Code_Breaker,,,,,,,
Code Geass,,1,COM,,,,,Sunrise,Bandai Visual ,2006,Fall,Action,Superpowers,Original,https://myanimelist.net/anime/1575/Code_Geass__Hangyaku_no_Lelouch?q=code gea,,OP(1-4),OP(5),FALSE,ED,,
Comet Lucifer,,6,4,,,,,,,,,,,,,,,,,,,
Concrete Revolutio,,5,13,,720p,B+,,,,15-16,MULTIPLE,,,,,,1,,,,,
Cowboy Bebop,,1,COM,,,,,Sunrise,Bandai Visual ,1998,Spring,Adventure,Space,Original,https://myanimelist.net/anime/1/Cowboy_Bebop?q=Cowboy Bebop,,,,,,,
Dagashi Kashi,,6,,,720p,C,2016,,,2016,Winter,,,,,,,,,,,
Dance with Devils,,5,3,,,,,,,2015,Fall,,,,,,,,,,,
Darker Than Black,,1,COM,COM,,,,Bones ,Aniplex ,2007,Spring,Action,Superpowers,Original,https://myanimelist.net/anime/2025/Darker_than_Black__Kuro_no_Keiyakusha?q=Darker Than Black,,1-2,3,TRUE,,,
Darwin's Game,,1,1,COM,720p,B,2020,Nexus ,Aniplex ,2020,Winter,Action,Deathmatch,Manga,https://myanimelist.net/anime/38656/Darwins_Game?q=darwi,,,,,,,
Date A Live,,6,4,,,,,,,,,,,,,,,,,,,
Deadman Wonderland,,13,COM,,720p,,,Manglobe ,Kadokawa Shoten ,2011,Spring,Action,Deathmatch,Manga,https://myanimelist.net/anime/6880/Deadman_Wonderland?q=Deadman Wonderland,,OP1,,TRUE,ED1,COM,COM
Death Note,,1,movie 2,,720p,A,,Madhouse,VAP ,2006,Fall,Thriller,War,Manga,https://myanimelist.net/anime/1535/Death_Note,,,,,,COM,
Denpa Kyoushi,,5,2,,1080p,B-,,,,2016,Winter,,,,,,,,,,,
Devil's Line,,2,,,1080p,,,Platinum Vision ,,2018,Spring,Supernatural,Vampire,Manga,https://myanimelist.net/anime/35928,,,,,,,
Devilman: Crybaby,,5,5,,720p,,,Science SARU ,,2018,Winter,Action,Supernatural,Manga,https://myanimelist.net/anime/35120/Devilman__Crybaby,,,,,,,
"Diabolik Lovers More, Blood",,6,8,,,,,,,,,,,,,,,,,,,
Digimon Adventure - Tri,,2,19,,1080p,B,MULTIPLE,Toei Animation ,Bandai Visual ,2015,MULTIPLE,Adventure,SuperPet,Original,https://myanimelist.net/anime/25687/Digimon_Adventure_tri_1__Saikai?q=digi,,,,,,,
Digimon Tamers,,1,COM,,720p,,,Toei Animation ,Yomiko Advertising,2001,Spring,Adventure,Shounen,Original,https://myanimelist.net/anime/874/Digimon_Tamers?q=Digimon Adventure tamers,,,,,,,
Dimension W,,1,COM,,1080p,B,2016,,,2016,Winter,,,,,,,,,,,
Divine Gate,,5,7,,1080p,B-,2016,,,2016,Winter,,,,,,,,,,,
Dr. Stone,,1,1,COM,720p,B+,2019,TMS Entertainment ,TOHO animation,2019,Summer,Adventure,Post Apocalptic,Manga,https://myanimelist.net/anime/38691/Dr_Stone?q=dr stone,,,,,,,
Dragonball Super,,2,85,,1080p,B-,2018,Toei Animation ,Yomiko Advertising,2018,Spring,Action,Superpowers,Manga,https://myanimelist.net/anime/30694/Dragon_Ball_Super?q=Dragonball Super,,,,,,,
Dragonball Z Kai,,1,COM,,720p,,,Toei Animation ,,2009,Spring,Action,Superpowers,Manga,https://myanimelist.net/anime/6033/Dragon_Ball_Kai?q=Dragonball Z Kai,,,,,,,
Drifters,,1,COM,,1080p,B+,2016,Hoods Entertainment ,Hoods Entertainment ,2016,Fall,Fantasy,Parallel World,Manga,https://myanimelist.net/anime/31339/Drifters?q=Drifters,,,,,,,
Eden Of The East,,14,COM,,1080p,,,Production I.G ,Dentsu ,2009,Spring,Action,Mystery,Original,https://myanimelist.net/anime/5630/Higashi_no_Eden?q=Eden Of The East,,COM,,TRUE,,,
Eizouken ni wa Te wo Dasu na! ,,6,1,5,720p,B-,2020,Science SARU ,Warner Bros. Japan ,2020,Winter,Slice of Life,Highschool,Manga,https://myanimelist.net/anime/39792/Eizouken_ni_wa_Te_wo_Dasu_na?q=Eizouken ni wa Te wo Dasu na! ,,,,,,,
Elfen Lied ,,1,COM,,,,,Arms ,VAP ,2004,Summer,Action,Psychological,Manga,https://myanimelist.net/anime/226/Elfen_Lied?q=Elfen Lied ,,,,,,,
Fairy Tail,,2,,,,,,A1-Pics,TV Tokyo ,2014,Spring,Adventure,Shounen,Manga,https://myanimelist.net/anime/22043/Fairy_Tail_2014?q=Fairy Tail,,,,,,1-3,
Fate Zero,,1,COM,,1080p,A+,2016,Ufotable,,2011,Fall,Fantasy,,,,,,,,,,
Flip Flappers,,5,3,,,,,,,,,,,,,,,,,,,
Flying witch,,6,,,,,2016,J.C. Staff,,2016,Spring,,,,,,,,,,,
Fukka,,1,COM,,720p,C+,2017,Diomedea,,2017,Winter,Slice of Life,Romance,,,,,,,,,
Fullmetal Alchemist,,1,COM,,1080p,,,Bones ,Aniplex ,2003,Fall,Adventure,Classic,Manga,https://myanimelist.net/anime/121/Fullmetal_Alchemist,,,,,,,
Fullmetal Alchemist: Brotherhood,,1,COM,,1080p,,,Bones ,Aniplex ,2009,Spring,Adventure,Classic,Manga,https://myanimelist.net/anime/5114/Fullmetal_Alchemist__Brotherhood,,,,,,,
Ga Rei Zero,,13,COM,,,,,,,,,,,,,,ED1,OP1,TRUE,,COM,COM
Gakkou Gurashi,,14,COM,,1080p,A-,2012,,,2012,Summer,,,,,,COM,,FALSE,,,
Gakusen Toshi Asterisk,,14,COM,,1080p,B-,2015,,,2015,Fall,,,,,,COM,,FALSE,,,
Gangsta,,14,COM,,1080p,B+,2015,,,2015,Summer,,,,,,COM,,TRUE,,,
Garo - The Crimson Moon,,6,1,,,,,,,,,,,,,,,,,,,
Garo: Vanishing Line,,5,15,,1080p,,2017,MAPPA ,,2017,Fall,Action,,Original,https://myanimelist.net/anime/36144/Garo__Vanishing_Line?q=Garo%3A Vanishing Line,,,,,,,
Gate,,5,COM,,1080p,B+,2015,,,2015,Summer,,,,,,1,,FALSE,,,
Ghost In The Shell,,3,,,,,,Production I.G ,,2002,,,,,,,,,,,,
Gintama,,2,3,,,,,,,,,,,,,,,,,,,
Girls Und Panzar,,14,COM,,,,,Actas ,,2012,Fall,Military,Loli,Original,https://myanimelist.net/anime/14131/Girls___Panzer?q=girls und,,COM,,TRUE,,,
Goblin Slayer,,1,COM,,720p,B+,2018,White Fox ,,2018,Fall,Action,Fantasy,Light Novel,https://myanimelist.net/anime/37349/Goblin_Slayer?q=Goblin Slayer,,,,,,,
God Eater,,1,,,1080p,A-,2015,,,2015,Summer,,,,,,1,,FALSE,,,
Golden Kamuy,,2,,,1080p,,,Geno Studio ,,2018,Spring,Action,,,https://myanimelist.net/anime/36028,,,,,,,
Grancrest Senki,,2,COM,,1080p,B+,2018,A1-Pics,,2018,Winter,Fantasy,,Light Novel,https://myanimelist.net/anime/34279/Grancrest_Senki/episode/1,,,,,,,
Great Teahcer Onisuka,,1,COM,,,,,Studio Pierrot ,,1999,Summer,Comedy,,Manga,,,,,,,,
Guilty Crown,,11,COM,COM,,,,Production I.G ,,2011,Fall,Superpower,,OVA,https://myanimelist.net/anime/10793/Guilty_Crown?q=Guilty Crown,COM,COM,,TRUE,,COM,
Hai to Gensou no Grimgar,Grimgar: Ashes and Illusions,14,COM,,1080p,B+,2016,A1-Pics,TOHO animation,2016,Winter,Fantasy,Isekai,Light Novel,https://myanimelist.net/anime/31859/Hai_to_Gensou_no_Grimgar?q=Hai to Gensou no Grimgar,,COM,,MIXED,,,
Haikyuu!!,,1,COM,13,,,,Production I.G ,Sentai Filmworks,2014,Spring,Sports,Vollyball,Manga,https://myanimelist.net/anime/20583/Haikyuu?q=ha,,,OP1,,,,
Hakata Tonkotsu Ramens,,5,6,,1080p,,,Satelight ,,2018,Winter,Action,,Light Novel,https://myanimelist.net/anime/35889/Hakata_Tonkotsu_Ramens,,,,,,,
Hanebado,,6,1,10,720p,C+,2018,LIDENFILMS ,Kodansha ,2018,Summer,Sports,Psychological,Manga,https://myanimelist.net/anime/37259/Hanebado?q=hane,,,,,,,
Haruchika ,,14,COM,,1080p,B+,2016,P.A. Works,Lantis ,2016,Winter,Music,School,Novel,https://myanimelist.net/anime/30895/HaruChika__Haruta_to_Chika_wa_Seishun_suru,,COM,,MIXED,,,
Heavy Object,,6,,,1080p,B-,2015,,,2015,Fall,,,,,,COM,,FALSE,,,
Hellsing Ultimate,,6,10,,1080p,B,2015,,,,,,,,,,,,,,,
Hidan no Aria AA ,,6,6,,1080p,C+,2015,,,2015,Fall,,,,,,,,,,,
High School Star Musical,,6,6,,,,,,,2015,Fall,,,,,,,,,,,
Hinomaru Sumo,,1,1,24,720p,C+,2018,Gonzo ,Nihon Ad Systems ,2018,Fall,Sports,Shounen ,Manga,https://myanimelist.net/anime/37007/Hinomaruzumou?q=sumo,,,,,,,
Houseki no Kuni,Land of the Lustrous,5,,,1080p,,,Orange ,,2017,Fall,Adventure,Fantasy,Manga,https://myanimelist.net/anime/35557/Houseki_no_Kuni_TV?q=Houseki no Kuni,,,,,,,
Hundred,,6,,,,,2016,Production IMS ,,2016,Spring,Action,Harim,Light Novel,,,,,,,,
Hunter X Hunter ,,2,152,,1080p,,,Madhouse,,2011,Fall,Adventure,Shounen,Manga,https://myanimelist.net/anime/11061/Hunter_x_Hunter_2011?q=Hunter X Hunter ,,OP(1) ED(1-2),,,,,
Inuyasha,,5,10,,,,,Sunrise,Yomiuri Telecasting,2000,Fall,Supernatural,Shounen,Manga,https://myanimelist.net/anime/249/InuYasha?q=Inuyasha,,,,,,,
Inuyashiki,,1,COM,,1080p,B+,2017,MAPPA ,,2017,Fall,Action,Superhero,,,,,,,,,
Inuyashiki,,1,COM,,1080p,B+,2017,MAPPA ,,2017,Fall,Action,Superhero,Manga,https://myanimelist.net/anime/34542/Inuyashiki,,,,,,,
Ishuzoku Reviewers ,,5,1,5,720p,B,2020,Passione ,,2020,Winter,Comidy,Ecchi,Manga,https://myanimelist.net/anime/40010/Ishuzoku_Reviewers?q=Ishuzoku Reviewers ,,,,,,,
Itai no wa Iya nano de Bougyoryoku ni Kyokufuri Shitai to Omoimasu,"BOFURI: I Don't Want to Get Hurt, so I'll Max Out My Defense",1,1,COM,720p,B+,2020,Silver Link. ,Funimation ,2020,Winter,Fantasy,Isekai,Light Novel,https://myanimelist.net/anime/38790/Itai_no_wa_Iya_nano_de_Bougyoryoku_ni_Kyokufuri_Shitai_to_Omoimasu,,,,,,,
Jitsu  Watashi Wa,,6,,,720p,C,2015,,,2015,Summer,,,,,,,,,,,
Joker Game,,1,COM,,1080p,A-,2016,Production IG,,2016,Spring,Action,Spy,Novel,https://myanimelist.net/anime/31405/Joker_Game?q=Joker Game,,,,,,,
Joukamachi No Dandelion,,6,9,,720p,C,2015,,,2015,Summer,,,,,,,,,,,
Just Because!,,1,COM,,720p,B,2017,Pine Jam ,,2017,Fall,Slice of Life,School,,https://myanimelist.net/anime/35639/Just_Because,,,,,,,
Juuni Taisen,,1,COM,,1080p,B,2017,Graphinica ,,2017,Fall,Action,Deathmatch,,https://myanimelist.net/anime/35076/Juuni_Taisen?q=Juuni Taisen,,,,,,,
K ,,2,14,,1080p,,,,,,,,,,,,,,,,,
Kabaneri of the Iron Fortress,,1,,,1080p,B+,2016,Studio Wit,,2016,Spring,Fantasy,Posr Apocalptic,Original,,,,,,,,
Kara No Kyoukai,Garden of Sinners,3,7,,1080p,,,Ufotable,Aniplex ,2007,Winter,Supernatural,,Light Novel,https://myanimelist.net/anime/2593/Kara_no_Kyoukai_1__Fukan_Fuukei?q=gard,,,,,,COM,
Kateikyou Hitman Reborn ,,13,COM,COM,,,,Artland,TV Tokyo ,2006,Fall,Super Power,Shounen,Manga,https://myanimelist.net/anime/1604/Katekyo_Hitman_Reborn?q=Kateikyou Hitman Reborn ,COM,1,,TRUE,all,COM,
Kaze ga Tsuyoku Fuiteiru,,1,COM,,720p,B+,2018,,,,,,,,,,,,,,,
Kill La Kill,,1,COM,,1080p,,,Trigger,Aniplex ,2013,Fall,Action,Super Power,Original,https://myanimelist.net/anime/18679/Kill_la_Kill?q=Kill La Kill,,,,,all,,
Kino no Tabi: The Beautiful World,,1,COM,,720p,B+,2017,A.C.G.T. ,ADV Films ,2017,Fall,Adventure,,Light Novel,https://myanimelist.net/anime/486/Kino_no_Tabi__The_Beautiful_World?q=Kino no Tabi,,,,,,,
Kiznaiver,,1,COM,,1080p,B-,2016,Trigger,Aniplex ,2016,Spring,Action,Psychological,Original,,,,,,,,
Knight's & Magic,,1,COM,,720p,B-,2017,8-Bit,,2017,Summer,Fantasy,Mecha,,https://myanimelist.net/anime/34104/Knights___Magic?q=knight,,,,,,,
Koi to Uso,,5,4,,,,,LIDENFILMS ,,2017,Summer,Drama,Romance,,https://myanimelist.net/anime/34934/Koi_to_Uso?q=koi to,,,,,,,
Kokkoku,,6,,,720p,,,Geno Studio ,,2018,Winter,Seinin,Mystery,Manga,https://myanimelist.net/anime/36548/Kokkoku,,,,,,,
Kono Subarashii Sekai ni Shukufuku wo!,,1,2,10,1080p,B,2016,Studio Deen ,Half H.P Studio ,2016,Winter,Comidy,Isekai,Light Novel,https://myanimelist.net/anime/30831/Kono_Subarashii_Sekai_ni_Shukufuku_wo?q=kono su,,,,,,,
Koukaku no Pandora,,6,,,720p,C,2016,,,2016,Winter,,,,,,,,,,,
Kuroko's Basketball ,,1,COM,,1080p,B,MULTIPLE,Production I.G ,Bandai Visual ,2012,Summer,Sports,Superpowers,Manga,https://myanimelist.net/anime/11771/Kuroko_no_Basket?q=kuro,,1-OP2,,FALSE,all,,
Kuromokuro,,1,,,1080p,B,2016,P.A. Works,,2016,Spring,,,,,,,,,,,
Kuusen Madoushi Kouhosei...,,1,COM,,720p,C+,2015,,,2015,Summer,,,,,,,,,,,
Kuzu no Honkai ,,6,1,9,720p,,,Lerche ,Aniplex ,2017,Winter,Romance,Highschool,Manga,https://myanimelist.net/anime/32949/Kuzu_no_Honkai?q=Kuzu no Honkai ,,,,,,,
Legend of the Galactic Heroes,,1,COM,,720p,A+,2019,Artland ,Kitty Films ,1988,MULTIPLE,Sci Fi,Space Opera,Novel,https://myanimelist.net/anime/820/Ginga_Eiyuu_Densetsu,,,,,,,
Legend of the Galactic Heroes: The New Thesis - Encounter,,2,,,1080p,,,Production I.G ,,2018,,Sci Fi,Space Opera,Novel,https://myanimelist.net/anime/31433,,,,,,,
Log Horizon,,1,2,COM,1080p,B+,2013,Satelight ,NHK ,2013,Fall,Fantasy,Isekai,Novel,https://myanimelist.net/anime/17265/Log_Horizon?q=Log Horizon,,1,,TRUE,all,,
Luck and Logic,,6,7,,1080p,C+,2016,Doga Kobo ,Bandai Visual ,2016,Winter,Action,Superpowers,Game,,,,,,,,
Made in Abyss,,1,COM,,1080p,A,2017,Kinema Citrus ,,2017,Summer,Fantasy,Thriller,Web Manga,https://myanimelist.net/anime/34599/Made_in_Abyss,,,,,,,
Mahoutsukai no Yome ,The Ancient Magus' Bride,1,COM,,1080p,A,2018,Studio Wit,,2017,Winter,Fantasy,Drama,Manga,https://myanimelist.net/anime/35062/Mahoutsukai_no_Yome?q=mahou,,,,,,,
Märchen Mädchen,,2,,,720p,,,Hoods Entertainment ,,2018,Winter,Magic,School,Light Novel,https://myanimelist.net/anime/35997/Märchen_Mädchen,,,,,,,
Mayoiga,,6,,,,,,,,,,,,,,,,,,,,
Megalo Box,,1,1,COM,1080p,A,2018,TMS,TBS ,2018,Spring,Sports,Boxing,Original,https://myanimelist.net/anime/36563,,,,,,,
Mirai Nikki,,1,COM,COM,,,,Asread,Lantis ,2011,Fall,Psychologinal,Deathmatch,Manga,https://myanimelist.net/anime/10620/Mirai_Nikki?q=Mirai Nikki,,OP,,TRUE,all,,
Mobile Suit Gundam - Iron-Blooded Orphans ,,1,COM,,,,2015,Sunrise,Sotsu ,2015,Fall,Mecha,Shounen,Original,https://myanimelist.net/anime/31251/Mobile_Suit_Gundam__Iron-Blooded_Orphans?q=Mobile Suit Gundam - Iron-Blooded Orphans ,,COM,,,,,
Mobile Suit Gundam - The Origin,,2,,,,,,Sunrise,,2015,Spring,Mecha,Military,Manga,https://myanimelist.net/anime/10937/Mobile_Suit_Gundam__The_Origin?q=Mobile Suit Gundam - The Origin,,,,,,,
Mobile Suit Gundam - Wing,,13,COM,,,,,Sunrise,TV Asahi ,1995,Spring,Mecha,Military,Original,https://myanimelist.net/anime/90/Mobile_Suit_Gundam_Wing?q=Mobile Suit Gundam - Wing,,COM,,TRUE,,COM,
Mobile Suit Gundam – Unicorn RE 0096,,1,COM,,1080p,,2016,Sunrise,Bandai Visual ,2016,Spring,Mecha,Military,Novel,https://myanimelist.net/anime/32792/Mobile_Suit_Gundam_Unicorn_RE_0096?q=RE 00,,,,,,,
Monster,,1,COM,,720p,,2015,Madhouse,VAP ,2004,Spring,Psychologinal,,Manga,https://myanimelist.net/anime/19/Monster?q=Monster,,,,,,,
Musaigen no Phantom World,,6,,,720p,,2016,,,2016,Winter,,,,,,,,,,,
Naruto,,1,COM,,,,,Studio Pierrot ,TV Tokyo ,2002,Fall,Shounen,,Manga,https://myanimelist.net/anime/20/Naruto?q=Naruto,,,,,,,
Naruto Shippudin,,1,COM,,,,,Studio Pierrot ,TV Tokyo ,2007,Winter,Shounen,,Manga,https://myanimelist.net/anime/1735/Naruto__Shippuuden?q=Naruto Shippudin,,,,,,,
Neon Genesis Evangelion,,5,1.11,,1080p,,,Gainax ,TV Tokyo ,1995,Fall,Mecha,PURE AWESOME,Original,https://myanimelist.net/anime/30/Neon_Genesis_Evangelion?q=Neon Genesis Evangelion,,COM,,TRUE,,,
netoge no yomi,,6,,,,,,,,,,Harem,,,,,,,,,,
No Game No Life,,14,COM,,1080p,,2015,Madhouse,Frontier Works ,2014,Spring,Fantasy,Isekai,Light Novel,https://myanimelist.net/anime/19815/No_Game_No_Life?q=No Game No Life,,COM,,FALSE,,,
No Guns Life,,2,1,6,1080p,,2020,Madhouse,Sony Pictures Entertainment ,2019,Fall,Action,Superpowers,Manga,https://myanimelist.net/anime/39539/No_Guns_Life?q=No Guns Life,,,,,,,
Noragami,,2,5,,,,,Bones ,Avex Entertainment ,2014,Winter,Action,,Manga,https://myanimelist.net/anime/20507/Noragami?q=Noragami,,,,,,,
Norn9 - Norn+Nonet,,6,3,,1080p,,2016,Kinema Citrus ,,2016,Winter,Harem,,Visual Novel,https://myanimelist.net/anime/31452/Norn9__Norn_Nonet?q=Norn9 - Norn%2BNonet,,,,,,,
Nurse Witch Komugi-chan R,,6,,,720p,,2016,,,2016,Winter,,,,,,,,,,,
Oban Star Racers,,14,COM,,1080p,A,,Hal Film Maker ,Sav! The World Productions ,2006,Spring,Adventure,Mystery,Original,https://myanimelist.net/anime/1212/Oban_Star-Racers?q=Oban Star Racers,,COM,,FALSE,,,
One Piece,,2,574,,,,MULTIPLE,Toei Animation ,Fuji TV ,1999,Fall,Shounen,Adventure,Manga,https://myanimelist.net/anime/21/One_Piece?q=One Piece,,,,,,,
One-Punch Man,,14,COM,,1080p,A-,2015,Madhouse,TV Tokyo ,2015,Fall,Superpowers,Comedy,Web Manga,https://myanimelist.net/anime/30276/One_Punch_Man?q=One-Punch Man,,COM,,FALSE,,,
Orange,,1,COM,,1080p,B,2016,Telecom / TMS,DAX Production ,2016,Summer,Slice of Life,Highschool,Manga,https://myanimelist.net/anime/32729/Orange?q=Orange,,,,,,,
Osomatsu-san,,5,14,,,B+,,Studio Pierrot ,TV Tokyo ,2012,Fall,Comedy,,Original,https://myanimelist.net/anime/31174/Osomatsu-san?q=Osomatsu-san,,,,,,,
Overlord,,1,3,13,1080p,A-,2015,Madhouse,,2015,Summer,Fantasy,Isekai,Light Novel,https://myanimelist.net/anime/35073/Overlord_II,,COM,,FALSE,,,
Phantom Requiem For The Phantom ,,14,COM,,,,,Bee Train ,Genco ,2009,Spring,Triller,Drama,Visual Novel,https://myanimelist.net/anime/5682/Phantom__Requiem_for_the_Phantom?q=Phantom Requiem For The Phantom ,,COM,,TRUE,,,
Pokemon,,6,1,26,,,,,,,,,,,,,,,,,,
Prince of Stride - Alternative,,6,,,1080p,B-,2016,,,2016,Winter,,,,,,,,,,,
Princess Principal,,1,COM,,1080p,B,2017,Actas ,Bandai Visual ,2017,Summer,Action,Steampunk,Original,https://myanimelist.net/anime/35240/Princess_Principal?q=princess,,,,,,,
Rakudai Kishi no Cavalry,,14,COM,,,,2015,Silver Link. ,flying DOG ,2015,Fall,Superpowers,School,Light Novel,https://myanimelist.net/anime/30296/Rakudai_Kishi_no_Cavalry?q=Rakudai Kishi no Cavalry,,COM,,,,,
Ranma 1/2,,3,7,4,,,,Studio Deen ,Shogakukan Productions ,1989,Spring,Comedy,Shounen,Manga,https://myanimelist.net/anime/210/Ranma_½?q=Ranma 1%2F2,,COM,,FALSE,,,
Ranpo Kitan: Game Of Laplace,,1,COM,,1080p,B,2015,,,2015,Summer,,,,,,,,,,,
Rascal Does Not Dream of Bunny Girl Senpai,Seishun Buta Yarou wa Bunny Girl Senpai no Yume wo Minai,1,COM,,720p,A-,2018,CloverWorks ,,2018,Fall,Drama,Romance,Light Novel,https://myanimelist.net/anime/37450/Seishun_Buta_Yarou_wa_Bunny_Girl_Senpai_no_Yume_wo_Minai?q=Seishun Buta Yarou wa Bunny Girl Senpai no Yume wo Minai,,,,,,,
Re:Zero kara Hajimeru Isekai Seikatsu,,1,1,COM,720p,B+,2016,White Fox ,TV Tokyo ,2016,Spring,Fantasy,Isekai,Light Novel,https://myanimelist.net/anime/31240/Re_Zero_kara_Hajimeru_Isekai_Seikatsu?q=Re%3AZero kara Hajimeru Isekai Seikatsu,,,,,,,
ReLIFE,,14,COM,,720p,B+,2016,TMS,Aniplex ,2016,Summer,Slice of Life,School,Web Manga,https://myanimelist.net/anime/30015/ReLIFE?q=ReLIFE,,OP,,,ED,,
Rise of the Shield Hero,,1,1,24,720p,B+,2019,Kinema Citrus ,Glovision ,2019,Winter,Adventure,Isekai,Light Novel,https://myanimelist.net/anime/35790/Tate_no_Yuusha_no_Nariagari,,,,,,,
Rokka No Yuusha,,1,COM,,1080p,B,2015,Passione ,Pony Canyon ,2015,Summer,Fantasy,,Light Novel,https://myanimelist.net/anime/28497/Rokka_no_Yuusha?q=Rokka No Yuusha,,,,,,,
Runway de Waratte,,1,1,10,720p,A-,2020,Ezόla ,Mainichi Broadcasting System ,2020,Winter,Drama,Competition,Manga,https://myanimelist.net/anime/40392/Runway_de_Waratte?q=runwa,,,,,,,
Rwby,,2,5,1,1080p,A,MULTIPLE,,,MULTIPLE,,,,,,,,,,,,
Saijaku Muhai no Bahamut,,6,,,1080p,C+,2016,,,2016,Winter,,,,,,,,,,,
Sakamoto Desu gan?,,5,,,720p,B,,Studio Deen,Kadokawa Shoten ,2016,Spring,Comedy,School,Manga,https://myanimelist.net/anime/32542/Sakamoto_Desu_ga,,,,,,,
Sakurako-san no Ashimoto ni wa Shitai ga Umatteiru,,14,COM,,1080p,B+,2015,TROYCA ,Lantis ,2015,Fall,mystery,,Novel,https://myanimelist.net/anime/30187/Sakurako-san_no_Ashimoto_ni_wa_Shitai_ga_Umatteiru?q=Sakurako-san no Ashimoto ni wa Shitai ga Umatteiru,,COM,,FALSE,,,
Samurai Champloo,,3,19,,,,,Manglobe ,Victor Entertainment ,2004,Spring,Adventure,Samurai,Original,https://myanimelist.net/anime/205/Samurai_Champloo?q=Samurai Champloo,,,,,,,
School Days,,1,COM,,,,,TNK ,Avex Entertainment ,2007,Summer,Harem,Psychological,Original,https://myanimelist.net/anime/2476/School_Days?q=School Days,,,,,,,
Schwarzesmarken,,6,7,,1080p,B-,2016,LIDENFILMS ,Sotsu ,2016,Winter,Military,,Light Novel,https://myanimelist.net/anime/30806/Schwarzesmarken?q=Schwarzesmarken,,,,,,,
Scrapped Princess,,1,COM,,,,2015,Bones ,Kadokawa Shoten ,2003,Spring,Adventure,,Light Novel,https://myanimelist.net/anime/167/Scrapped_Princess?q=Scrapped Princess,,,,,,,
Seisen Cerberus,,6,,,,,,,,,,,,,,,,,,,,
She and her cat: Everything flows,,6,,,720p,,,Liden Films,,2016,Spring,,,,,,,,,,,
Shigurui,,3,3,,,,,Madhouse,Geneon Universal Entertainment,2007,Summer,Samurai,,Manga,https://myanimelist.net/anime/2216/Shigurui?q=Shigurui,,,,,,,
Shimonetta,,5,,,,,2015,,,2015,Summer,,,,,,,,,,,
Shingeki! Kyojin Chuugakkou,,6,,,,,,,,,,,,,,,,,,,,
Shingeki no Bahamut - Genesis ,,,1,12,1080p,A-,2020,,,,,,,,,,,,,,,
Shokugeki no Souma,,2,3,10,1080p,B+,2017,J.C. Staff,,,MULTIPLE,Food Porn,,,https://myanimelist.net/anime/28171/Shokugeki_no_Souma?q=sho,,,,,,,
Shomin Sample,,6,,,,,,,,,,,,,,,,,,,,
Shoukoku no Altair,,5,6,,720p,B-,,MAPPA ,,2017,Summer,Adventure,Historic,,https://myanimelist.net/anime/34547/Shoukoku_no_Altair,,,,,,,
Shouwa Genroku Rakugo Shinjuu,,5,2,4,1080p,A,2016,,,2016,Winter,,,,,,,,,,,
Slasm Dunk,,4,20,,,,,Toei Animation ,TV Asahi ,1993,Fall,Sports,Basketball,Manga,https://myanimelist.net/anime/170/Slam_Dunk?q=slam,,,,,,,
Sonic X,,4,4,,,,,TMS,TV Tokyo ,2003,Spring,Action,,Game,https://myanimelist.net/anime/1816/Sonic_X?q=Sonic X,,,,,,,
Sora Ga Seiyuu,,5,,,480p,B-,2015,,,2015,Summer,,,,,,,,,,,
Soul Eater,,1,COM,,,,,Bones ,TV Tokyo ,2008,Spring,Fantasy,Shounen,Manga,https://myanimelist.net/anime/3588/Soul_Eater?q=soul ea,,"OP(1,2)",,FALSE,"ED(1,2)",,
Soul Eater Not,,1,COM,,,,,Bones ,TV Tokyo ,2014,Spring,Fantasy,Cute girls,Manga,https://myanimelist.net/anime/21507/Soul_Eater_NOT,,,,,,,
Sousei no Onmyouji,,5,,,,B-,2016,Pierrot,TV Tokyo ,2016,Spring,Action,Shounen,Manga,https://myanimelist.net/anime/32105/Sousei_no_Onmyouji?q=Sousei no Onmyouji,,,,,,,
SSSS Gridman,,6,2,,720p,C,2018,,,,,,,,,,,,,,,
Subete ga F ni Naru,,1,,,,,,A1-Pics,Aniplex ,2015,Fall,Thriller,Psychological,Novel,https://myanimelist.net/anime/28621/Subete_ga_F_ni_Naru?q=Subete ga F ni Naru,,,,,,,
Sword Art Online,,5,3,1,1080p,B-,,A1-Pics,Aniplex ,2012,Summer,Action,Isekai,Light Novel,https://myanimelist.net/anime/11757/Sword_Art_Online?q=Sword Art Online,,,,,,,
Sword Art Online - Alicization,,6,12,,720p,C-,2018,A1-Pics,Aniplex ,2018,Fall,Action,Isekai,Light Novel,https://myanimelist.net/anime/36474/Sword_Art_Online__Alicization?q=Sword Art Online - Alicization,,,,,,,
Sword Art Online Alternative - Gun Gale Online ,,1,,,,,2018,Studio 3Hz ,Aniplex ,2018,Spring,Action,Isekai,Light Novel,https://myanimelist.net/anime/36475/Sword_Art_Online_Alternative__Gun_Gale_Online?q=Sword Art Online Alternative - Gun Gale Online ,,,,,,,
Taboo Tattoo,,6,,,1080p,,,J.C. Staff,,2016,Summer,,,,,,,,,,,
Taimadou Gakuen 35 Shiken Shoutai,,6,,,1080p,,2015,,,2015,Fall,,,,,,COM,,,,,
Tales of Zestiria the X ,,1,COM,,1080p,,,Ufotable,Lantis ,2016,Summer,Fantasy,,Game,https://myanimelist.net/anime/30911/Tales_of_Zestiria_the_Cross?q=Tales of Zestiria the X ,,,,,,,
Tensei Shitara Slime Datta Ken,The time I Got Reincarnated as a Slime,1,COM,,720p,B-,2018,8-Bit,Lantis ,2018,Fall,Fantasy,Isekai,Manga,https://myanimelist.net/anime/37430/Tensei_shitara_Slime_Datta_Ken?q=Tensei Shitara Slime Datta Ken,,,,,,,
The Devil Is A Part Timer!,,14,COM,,,,2015,White Fox ,Sotsu ,2013,Spring,Comedy,,Light Novel,https://myanimelist.net/anime/15809/Hataraku_Maou-sama,,COM,,TRUE,,,
The Melancholy of Haruhi Suzumiya,,14,1,COM,720p,B,2017,Kyoto Ani.,Funimation ,2006,Spring,Thriller,Slice of Life,Light Novel,https://myanimelist.net/anime/849/Suzumiya_Haruhi_no_Yuuutsu?q=The Melancholy of Haruhi Suzumiya,,COM,,TRUE,,,
The Reflection,,1,COM,,720p,B,2017,Studio Deen ,,2017,Summer,Action,Superhero,Original,https://myanimelist.net/anime/34449/The_Reflection?q=reflect,,,,,,,
The World God Only Knows,,3,OVA ,,,,,Manglobe ,Geneon Universal Entertainment,2007,Fall,Harem,,Manga,https://myanimelist.net/anime/8525/Kami_nomi_zo_Shiru_Sekai?q=The World God Only Knows,,,,,,,
Time Travil shogo,,6,,,720p,,,,,2016,Summer,,,,,,,,,,,
Toji no Miko,,5,,,720p,,,Studio Gokumi ,,2018,Winter,Action,Superpowers,OVA,https://myanimelist.net/anime/35589/Toji_no_Miko,,,,,,,
Tokyo Majin Gakuen Kenpuchou ,,4,1,,,,,AIC Spirits ,ADV Films ,2007,Winter,,,Game,https://myanimelist.net/anime/1860/Tokyo_Majin_Gakuen_Kenpucho__Tou?q=Tokyo Majin Gakuen Kenpuchou ,,,,,,,
Toriko,,1,148,,1080p,,,Toei Animation ,Fuji TV ,2013,Spring,Adventure,Food,Manga,https://myanimelist.net/anime/10033/Toriko?q=Toriko,,,,,,,
Trigun,,14,COM,COM,,,,Madhouse,Victor Entertainment ,1998,Spring,Action,Classic,Manga,https://myanimelist.net/anime/6/Trigun?q=Trigun,,COM,,TRUE,,,
Tsurezure Children,,1,COM,,720p,B,2018,Studio Gokumi ,,2017,Summer,Slice of Life,Romance,Manga,https://myanimelist.net/anime/34902/Tsurezure_Children?q=Tsurezure Children,,,,,,,
Ushio To Tora,,1,COM,,720p,B-,,MAPPA / Studio Vlon,Sotsu ,2015,Summer,Shounen,,Manga,https://myanimelist.net/anime/29854/Ushio_to_Tora_TV?q=Ushio To Tora,,1,,FALSE,,,
Utawarerumono - Itsuwari No Kamen ,,1,COM,,1080p,B,2015,White Fox ,KlockWorx ,2015,Fall,Fantasy,,Visual Novel,https://myanimelist.net/anime/30901/Utawarerumono__Itsuwari_no_Kamen,,COM,,FALSE,,,
Vinland Saga,,1,1,COM,1080p,A,2019,Wit Studio ,Production I.G ,2019,Summer,Action,Historic,Manga,https://myanimelist.net/anime/37521/Vinland_Saga?q=Vinland,,,,,,,
Violet Evergarden,,1,COM,,1080p,A-,2018,Kyoto Ani.,,2018,Winter,Drama,Fantasy,Light Novel,https://myanimelist.net/anime/33352/Violet_Evergarden,,,,,,,
When Supernatural Battles Became Commonplace,Inou-Battle wa Nichijou-kei no Naka de,14,COM,,,C+,,Trigger,,2014,Fall,Slice of Life,School,Light Novel,https://myanimelist.net/anime/25159/Inou-Battle_wa_Nichijou-kei_no_Naka_de?q=when super,,COM,,,,,
You Lie in April,,1,COM,,,,,A1-Pics,Aniplex ,2014,Fall,Tragedy,Music,Manga,https://myanimelist.net/anime/23273/Shigatsu_wa_Kimi_no_Uso?q=You Lie in April,,,,,,,
Youjo Senki,,1,COM,,1080p,A,2017,NUT,,2017,Winter,Military,Isekai,Light Novel,https://myanimelist.net/anime/32615/Youjo_Senki?q=Youjo Senki,,,,,,,
Youkoso Jitsuryoku Shijou Shugi no Kyoushitsu e ,,1,COM,,1080p,B,2017,Lerche ,,2017,Summer,Drama,School,,https://myanimelist.net/anime/35507/Youkoso_Jitsuryoku_Shijou_Shugi_no_Kyoushitsu_e_TV?q=Youkoso Jitsuryoku Shijou Shugi no Kyoushitsu e ,,,,,,,
